theme,book,author,page
well-being,atomic habits,adam,"330"
society,thinking sociological,zygmunt bauman,"243"
ontology,thoughts,marcus airelius,"97"
emotions,schema therapy,jeffrey young,"444"
politics,the republic,platon,two thousand eight
observation,kozmos,carl sagan,"214"
trauma,body keep secrets,van der kok,"412"
thinking,ecce homo,nietzsche,"261"
experiment,incognito,adam,"235"
love,pride and prejudice,jane austen,"430"
fantasy,lotr,g.r.r martin,"513"
science-fiction,fahrenheit,ray bradbury,"198"
